Метод,R²_train,R²_test,β₀ (const),β₁ (x),Выбросы
OLS,0.2903994114250732,-0.9354440870219609,-0.3117762479487069,0.9363608573603981,0
WLS,0.24334706481097368,-0.6032247255495413,-0.11425229681658179,0.746398062869851,0
IRLS,0.06833750615875078,-0.379258189422788,0.4853194040784388,0.1732195528717682,9
